{
    "name": "root",
    "metadata": {
        "timer_format_version": "0.1.0",
        "start_time_seconds": "1596102868",
        "python_version": "3.6.5 |Anaconda, Inc.| (default, Mar 29 2018, 13:32:41) [MSC v.1900 64 bit (AMD64)]",
        "command_line_arguments": "E:\\IDE\\Anaconda\\Scripts\\mlagents-learn Config/trainer_config.yaml --run-id=SY-SW --train --time-scale=1 --resume",
        "mlagents_version": "0.17.0",
        "mlagents_envs_version": "0.17.0",
        "communication_protocol_version": "1.0.0",
        "tensorflow_version": "1.15.0",
        "end_time_seconds": "1596102888"
    },
    "total": 20.1239415,
    "count": 1,
    "self": 0.3372141000000006,
    "children": {
        "run_training.setup": {
            "total": 0.012650000000000002,
            "count": 1,
            "self": 0.012650000000000002
        },
        "TrainerController.start_learning": {
            "total": 19.7740774,
            "count": 1,
            "self": 5.552428299999999,
            "children": {
                "TrainerController._reset_env": {
                    "total": 13.7695069,
                    "count": 1,
                    "self": 13.7695069
                },
                "demo_to_buffer": {
                    "total": 0.45138990000000234,
                    "count": 2,
                    "self": 0.0037739000000094336,
                    "children": {
                        "load_demonstration": {
                            "total": 0.009846899999995884,
                            "count": 2,
                            "self": 0.009630999999998835,
                            "children": {
                                "read_file": {
                                    "total": 0.000215899999997049,
                                    "count": 2,
                                    "self": 0.000215899999997049
                                }
                            }
                        },
                        "make_demo_buffer": {
                            "total": 0.437769099999997,
                            "count": 2,
                            "self": 0.10272349999992159,
                            "children": {
                                "steps_from_proto": {
                                    "total": 0.33504560000007544,
                                    "count": 1756,
                                    "self": 0.14048180000011712,
                                    "children": {
                                        "_process_vector_observation": {
                                            "total": 0.19456379999995832,
                                            "count": 7024,
                                            "self": 0.19456379999995832
                                        }
                                    }
                                }
                            }
                        }
                    }
                },
                "TrainerController._save_model": {
                    "total": 0.0007522999999984847,
                    "count": 1,
                    "self": 0.0007522999999984847
                }
            }
        }
    }
}