Steps,Policy/Entropy,Environment/Episode Length,Policy/GAIL Value Estimate,Environment/Cumulative Reward,Policy/GAIL Reward,Losses/Value Loss,Losses/Policy Loss,Policy/Learning Rate,Policy/Epsilon,Policy/Beta,Losses/GAIL Loss,Policy/GAIL Policy Estimate,Policy/GAIL Expert Estimate,Losses/Pretraining Loss,Is Training
85000,1.3847381,214.72727272727272,17.007431,107.66363635659218,10.221513550389897,6.5752625,0.06880429,0.00029831158,0.1994372,0.009943775,1.1186935,0.4190428,0.65707207,0.16363779,1.0
90000,1.3847313,198.2,15.5656595,100.51923070274867,30.90907361358404,0.7550646,0.06680079,0.00029824994,0.19941667,0.009941723,0.5866682,0.19740427,0.8130551,0.16561595,1.0
95000,1.3845781,186.37037037037038,15.886035,93.47307682037354,50.2999634375939,3.8346682,0.06563777,0.00029814613,0.19938202,0.009938265,0.5053966,0.16458201,0.8429615,0.1656301,1.0
