{"count":1,"gauges":{},"self":16.4078576,"total":16.5191484,"children":{"AgentResetIfDone":{"count":556,"self":0.0059831,"total":0.0059831,"children":null},"AgentSendState":{"count":556,"self":0.0606585,"total":0.094414,"children":{"CollectObservations":{"count":1112,"self":0.0337555,"total":0.0337555,"children":null}}},"DecideAction":{"count":556,"self":0.0059922,"total":0.0059922,"children":null},"AcademyStep":{"count":556,"self":0.0029178999999999997,"total":0.0029178999999999997,"children":null},"AgentAct":{"count":556,"self":0.0019833999999999997,"total":0.0019833999999999997,"children":null}}}