{"count":1,"gauges":{},"self":61.341856,"total":61.465828099999996,"children":{"AgentResetIfDone":{"count":2667,"self":0.0267449,"total":0.0267449,"children":null},"AgentSendState":{"count":2667,"self":0.0438061,"total":0.0646443,"children":{"CollectObservations":{"count":2735,"self":0.020838199999999998,"total":0.020838199999999998,"children":null}}},"DecideAction":{"count":2667,"self":0.0059584,"total":0.0059584,"children":null},"AcademyStep":{"count":2667,"self":0.011798999999999999,"total":0.011798999999999999,"children":null},"AgentAct":{"count":2667,"self":0.0148232,"total":0.0148232,"children":null}}}