{"count":1,"gauges":{},"self":20.57368,"total":20.6016728,"children":{"AgentResetIfDone":{"count":899,"self":0.0039951,"total":0.0039951,"children":null},"AgentSendState":{"count":899,"self":0.0139942,"total":0.0219975,"children":{"CollectObservations":{"count":968,"self":0.0080033,"total":0.0080033,"children":null}}},"DecideAction":{"count":899,"self":0.0010000999999999999,"total":0.0010000999999999999,"children":null},"AcademyStep":{"count":899,"self":0.0009993,"total":0.0009993,"children":null},"AgentAct":{"count":899,"self":0,"total":0,"children":null}}}