{"count":1,"gauges":{},"self":53.6865952,"total":53.7254595,"children":{"AgentResetIfDone":{"count":71,"self":0.0029908,"total":0.0029908,"children":null},"AgentSendState":{"count":71,"self":0.0189223,"total":0.028897199999999998,"children":{"CollectObservations":{"count":71,"self":0.0099749,"total":0.0099749,"children":null}}},"DecideAction":{"count":70,"self":0.0009971,"total":0.0009971,"children":null},"AgentAct":{"count":70,"self":0.0029885999999999997,"total":0.0029885999999999997,"children":null}}}