Steps,Policy/Entropy,Environment/Episode Length,Policy/Extrinsic Value Estimate,Policy/GAIL Value Estimate,Environment/Cumulative Reward,Policy/Extrinsic Reward,Policy/GAIL Reward,Losses/Value Loss,Losses/Policy Loss,Policy/Learning Rate,Policy/Epsilon,Policy/Beta,Losses/GAIL Loss,Policy/GAIL Policy Estimate,Policy/GAIL Expert Estimate,Losses/Pretraining Loss,Is Training
5000,0.93989354,96.92307692307692,4256.3726,4486.5405,-0.008163265427764582,-0.0016326531767845154,115.70579253410807,496403620.0,0.31670013,0.00029994626,0.19998208,0.009998211,5.0889893,0.33849546,0.7164542,0.09750255,1.0
10000,-0.1045491,116.18181818181819,2.3891964,44.87411,-0.004651162860005401,-0.0009302326239818751,58.538977612243144,14.17147,0.31468892,0.00029984894,0.19994962,0.009994967,1.2584966,0.28907514,0.7232095,0.059219323,1.0
15000,-0.8125195,138.28571428571428,4.6062174,43.172123,0.0,0.0,70.71358458532228,21.00871,0.29290763,0.00029974172,0.19991392,0.009991399,1.1505185,0.294501,0.7331509,0.051968515,1.0
20000,-1.3332379,134.2,1.152997,44.7056,-0.005555555638339784,-0.0011111111897561285,75.1224146021737,11.199177,0.30837032,0.00029964888,0.19988298,0.009988308,1.0643762,0.2958368,0.7389484,0.0495173,1.0
