{
  "name": "root",
  "total": 54.625992,
  "count": 1,
  "self": 14.599443900000004,
  "children": [
    {
      "name": "TrainerController.advance",
      "total": 40.02654809999999,
      "count": 368,
      "self": 0.006486499999958539,
      "children": [
        {
          "name": "env_step",
          "total": 39.91276830000001,
          "count": 368,
          "self": 38.64217900000009,
          "children": [
            {
              "name": "SubprocessEnvManager._take_step",
              "total": 1.264843799999909,
              "count": 368,
              "self": 0.0161022999999183,
              "children": [
                {
                  "name": "PPOPolicy.evaluate",
                  "total": 1.2487414999999906,
                  "count": 368,
                  "self": 1.2487414999999906
                }
              ]
            },
            {
              "name": "workers",
              "total": 0.005745500000010395,
              "count": 367,
              "self": 0.0,
              "children": [
                {
                  "name": "worker_root",
                  "total": 53.467224600000044,
                  "count": 367,
                  "is_parallel": true,
                  "self": 15.340106800000022,
                  "children": [
                    {
                      "name": "batched_step_result_from_proto",
                      "total": 0.00033099999999919305,
                      "count": 1,
                      "is_parallel": true,
                      "self": 7.380000000090092e-05,
                      "children": [
                        {
                          "name": "_process_vector_observation",
                          "total": 0.00025719999999829213,
                          "count": 2,
                          "is_parallel": true,
                          "self": 0.00025719999999829213
                        }
                      ]
                    },
                    {
                      "name": "UnityEnvironment.step",
                      "total": 38.12678680000002,
                      "count": 367,
                      "is_parallel": true,
                      "self": 0.03672300000001627,
                      "children": [
                        {
                          "name": "UnityEnvironment._generate_step_input",
                          "total": 0.030324800000025576,
                          "count": 367,
                          "is_parallel": true,
                          "self": 0.030324800000025576
                        },
                        {
                          "name": "communicator.exchange",
                          "total": 37.97289960000003,
                          "count": 367,
                          "is_parallel": true,
                          "self": 37.97289960000003
                        },
                        {
                          "name": "batched_step_result_from_proto",
                          "total": 0.08683939999995438,
                          "count": 367,
                          "is_parallel": true,
                          "self": 0.02418779999993781,
                          "children": [
                            {
                              "name": "_process_vector_observation",
                              "total": 0.06265160000001657,
                              "count": 734,
                              "is_parallel": true,
                              "self": 0.06265160000001657
                            }
                          ]
                        }
                      ]
                    }
                  ]
                }
              ]
            }
          ]
        },
        {
          "name": "trainer_advance",
          "total": 0.1072933000000198,
          "count": 367,
          "self": 0.011238900000071439,
          "children": [
            {
              "name": "process_trajectory",
              "total": 0.09605439999994836,
              "count": 367,
              "self": 0.09605439999994836
            }
          ]
        }
      ]
    }
  ]
}