{
  "name": "root",
  "total": 6897.6236596,
  "count": 1,
  "self": 40.069555099968056,
  "children": [
    {
      "name": "TrainerController.advance",
      "total": 6857.554104500032,
      "count": 80025,
      "self": 1.5093745000958734,
      "children": [
        {
          "name": "env_step",
          "total": 6833.071811699896,
          "count": 80025,
          "self": 6630.043160199923,
          "children": [
            {
              "name": "SubprocessEnvManager._take_step",
              "total": 201.74405580009199,
              "count": 80025,
              "self": 3.5907214000235967,
              "children": [
                {
                  "name": "PPOPolicy.evaluate",
                  "total": 198.1533344000684,
                  "count": 80025,
                  "self": 198.1533344000684
                }
              ]
            },
            {
              "name": "workers",
              "total": 1.284595699880967,
              "count": 80024,
              "self": 0.0,
              "children": [
                {
                  "name": "worker_root",
                  "total": 6893.334571100016,
                  "count": 80024,
                  "is_parallel": true,
                  "self": 357.7232508001016,
                  "children": [
                    {
                      "name": "batched_step_result_from_proto",
                      "total": 0.0003752999999999673,
                      "count": 1,
                      "is_parallel": true,
                      "self": 8.040000000164582e-05,
                      "children": [
                        {
                          "name": "_process_vector_observation",
                          "total": 0.0002948999999983215,
                          "count": 2,
                          "is_parallel": true,
                          "self": 0.0002948999999983215
                        }
                      ]
                    },
                    {
                      "name": "UnityEnvironment.step",
                      "total": 6535.610944999914,
                      "count": 80024,
                      "is_parallel": true,
                      "self": 7.779724299907684,
                      "children": [
                        {
                          "name": "UnityEnvironment._generate_step_input",
                          "total": 6.404967400063079,
                          "count": 80024,
                          "is_parallel": true,
                          "self": 6.404967400063079
                        },
                        {
                          "name": "communicator.exchange",
                          "total": 6503.09586369982,
                          "count": 80024,
                          "is_parallel": true,
                          "self": 6503.09586369982
                        },
                        {
                          "name": "batched_step_result_from_proto",
                          "total": 18.330389600122125,
                          "count": 80024,
                          "is_parallel": true,
                          "self": 5.086480900144338,
                          "children": [
                            {
                              "name": "_process_vector_observation",
                              "total": 13.243908699977787,
                              "count": 160048,
                              "is_parallel": true,
                              "self": 13.243908699977787
                            }
                          ]
                        }
                      ]
                    }
                  ]
                }
              ]
            }
          ]
        },
        {
          "name": "trainer_advance",
          "total": 22.972918300040384,
          "count": 80024,
          "self": 3.759656400122285,
          "children": [
            {
              "name": "process_trajectory",
              "total": 8.524322099918027,
              "count": 80024,
              "self": 8.524322099918027
            },
            {
              "name": "_update_policy",
              "total": 10.688939800000071,
              "count": 7,
              "self": 7.486576300002753,
              "children": [
                {
                  "name": "PPOPolicy.update",
                  "total": 3.2023634999973183,
                  "count": 210,
                  "self": 3.2023634999973183
                }
              ]
            }
          ]
        }
      ]
    }
  ]
}