{
  "name": "root",
  "total": 24.6026581,
  "count": 1,
  "self": 16.322652599999998,
  "children": [
    {
      "name": "TrainerController.advance",
      "total": 8.280005500000001,
      "count": 1,
      "self": 2.5700000001904755e-05,
      "children": [
        {
          "name": "env_step",
          "total": 8.2799798,
          "count": 1,
          "self": 7.9217783,
          "children": [
            {
              "name": "SubprocessEnvManager._take_step",
              "total": 0.35820149999999984,
              "count": 1,
              "self": 0.0003926000000014085,
              "children": [
                {
                  "name": "PPOPolicy.evaluate",
                  "total": 0.35780889999999843,
                  "count": 1,
                  "self": 0.35780889999999843
                }
              ]
            }
          ]
        }
      ]
    }
  ]
}