{
  "name": "root",
  "total": 70.84980150000001,
  "count": 1,
  "self": 7.936859100000007,
  "children": [
    {
      "name": "TrainerController.advance",
      "total": 62.912942400000006,
      "count": 68,
      "self": 0.20134090000000526,
      "children": [
        {
          "name": "env_step",
          "total": 62.7116015,
          "count": 68,
          "self": 61.763511000000015,
          "children": [
            {
              "name": "SubprocessEnvManager._take_step",
              "total": 0.9469534999999967,
              "count": 68,
              "self": 0.0022987999999957154,
              "children": [
                {
                  "name": "PPOPolicy.evaluate",
                  "total": 0.944654700000001,
                  "count": 68,
                  "self": 0.944654700000001
                }
              ]
            },
            {
              "name": "workers",
              "total": 0.0011369999999883973,
              "count": 67,
              "self": 0.0,
              "children": [
                {
                  "name": "worker_root",
                  "total": 9.3214687,
                  "count": 67,
                  "is_parallel": true,
                  "self": 7.6183647000000025,
                  "children": [
                    {
                      "name": "batched_step_result_from_proto",
                      "total": 0.003838200000000125,
                      "count": 1,
                      "is_parallel": true,
                      "self": 0.0002890000000004278,
                      "children": [
                        {
                          "name": "_process_vector_observation",
                          "total": 0.003549199999999697,
                          "count": 1,
                          "is_parallel": true,
                          "self": 0.003549199999999697
                        }
                      ]
                    },
                    {
                      "name": "UnityEnvironment.step",
                      "total": 1.6992657999999974,
                      "count": 67,
                      "is_parallel": true,
                      "self": 0.006840799999997316,
                      "children": [
                        {
                          "name": "UnityEnvironment._generate_step_input",
                          "total": 0.00825599999999671,
                          "count": 67,
                          "is_parallel": true,
                          "self": 0.00825599999999671
                        },
                        {
                          "name": "communicator.exchange",
                          "total": 1.6721581000000008,
                          "count": 67,
                          "is_parallel": true,
                          "self": 1.6721581000000008
                        },
                        {
                          "name": "batched_step_result_from_proto",
                          "total": 0.0120109000000026,
                          "count": 67,
                          "is_parallel": true,
                          "self": 0.0038597000000040182,
                          "children": [
                            {
                              "name": "_process_vector_observation",
                              "total": 0.008151199999998582,
                              "count": 67,
                              "is_parallel": true,
                              "self": 0.008151199999998582
                            }
                          ]
                        }
                      ]
                    }
                  ]
                }
              ]
            }
          ]
        }
      ]
    }
  ]
}