{
  "name": "root",
  "total": 84.37110899999999,
  "count": 1,
  "self": 49.51783559999999,
  "children": [
    {
      "name": "TrainerController.advance",
      "total": 34.8532734,
      "count": 4,
      "self": 7.550000000122736e-05,
      "children": [
        {
          "name": "env_step",
          "total": 34.853035000000006,
          "count": 4,
          "self": 34.4498365,
          "children": [
            {
              "name": "SubprocessEnvManager._take_step",
              "total": 0.40315350000000194,
              "count": 4,
              "self": 0.00018020000000262826,
              "children": [
                {
                  "name": "PPOPolicy.evaluate",
                  "total": 0.4029732999999993,
                  "count": 4,
                  "self": 0.4029732999999993
                }
              ]
            },
            {
              "name": "workers",
              "total": 4.500000000007276e-05,
              "count": 3,
              "self": 0.0,
              "children": [
                {
                  "name": "worker_root",
                  "total": 74.92157370000001,
                  "count": 3,
                  "is_parallel": true,
                  "self": 48.83835990000001,
                  "children": [
                    {
                      "name": "batched_step_result_from_proto",
                      "total": 0.00042830000000293467,
                      "count": 1,
                      "is_parallel": true,
                      "self": 0.00012540000000171858,
                      "children": [
                        {
                          "name": "_process_vector_observation",
                          "total": 0.0003029000000012161,
                          "count": 2,
                          "is_parallel": true,
                          "self": 0.0003029000000012161
                        }
                      ]
                    },
                    {
                      "name": "UnityEnvironment.step",
                      "total": 26.0827855,
                      "count": 3,
                      "is_parallel": true,
                      "self": 0.00031170000000457776,
                      "children": [
                        {
                          "name": "UnityEnvironment._generate_step_input",
                          "total": 0.00029270000000281016,
                          "count": 3,
                          "is_parallel": true,
                          "self": 0.00029270000000281016
                        },
                        {
                          "name": "communicator.exchange",
                          "total": 26.0814223,
                          "count": 3,
                          "is_parallel": true,
                          "self": 26.0814223
                        },
                        {
                          "name": "batched_step_result_from_proto",
                          "total": 0.000758799999992732,
                          "count": 3,
                          "is_parallel": true,
                          "self": 0.0002317999999874587,
                          "children": [
                            {
                              "name": "_process_vector_observation",
                              "total": 0.0005270000000052733,
                              "count": 6,
                              "is_parallel": true,
                              "self": 0.0005270000000052733
                            }
                          ]
                        }
                      ]
                    }
                  ]
                }
              ]
            }
          ]
        },
        {
          "name": "trainer_advance",
          "total": 0.0001628999999923053,
          "count": 3,
          "self": 0.00013829999999614984,
          "children": [
            {
              "name": "process_trajectory",
              "total": 2.4599999996155475e-05,
              "count": 3,
              "self": 2.4599999996155475e-05
            }
          ]
        }
      ]
    }
  ]
}