{
  "name": "root",
  "total": 1029.9888958,
  "count": 1,
  "self": 159.40362409999818,
  "children": [
    {
      "name": "TrainerController.advance",
      "total": 870.5852717000017,
      "count": 8756,
      "self": 0.1505897000145069,
      "children": [
        {
          "name": "env_step",
          "total": 868.7808632999923,
          "count": 8756,
          "self": 845.7814580999899,
          "children": [
            {
              "name": "SubprocessEnvManager._take_step",
              "total": 22.86684000000122,
              "count": 8756,
              "self": 0.3574279000042395,
              "children": [
                {
                  "name": "PPOPolicy.evaluate",
                  "total": 22.50941209999698,
                  "count": 8756,
                  "self": 22.50941209999698
                }
              ]
            },
            {
              "name": "workers",
              "total": 0.13256520000123828,
              "count": 8755,
              "self": 0.0,
              "children": [
                {
                  "name": "worker_root",
                  "total": 1026.8458866999993,
                  "count": 8755,
                  "is_parallel": true,
                  "self": 191.65597859999934,
                  "children": [
                    {
                      "name": "batched_step_result_from_proto",
                      "total": 0.00041840000000092914,
                      "count": 1,
                      "is_parallel": true,
                      "self": 8.980000001201915e-05,
                      "children": [
                        {
                          "name": "_process_vector_observation",
                          "total": 0.00032859999998891,
                          "count": 2,
                          "is_parallel": true,
                          "self": 0.00032859999998891
                        }
                      ]
                    },
                    {
                      "name": "UnityEnvironment.step",
                      "total": 835.1894897,
                      "count": 8755,
                      "is_parallel": true,
                      "self": 0.8269790999886482,
                      "children": [
                        {
                          "name": "UnityEnvironment._generate_step_input",
                          "total": 0.6951245000058179,
                          "count": 8755,
                          "is_parallel": true,
                          "self": 0.6951245000058179
                        },
                        {
                          "name": "communicator.exchange",
                          "total": 831.6966553000052,
                          "count": 8755,
                          "is_parallel": true,
                          "self": 831.6966553000052
                        },
                        {
                          "name": "batched_step_result_from_proto",
                          "total": 1.9707308000002968,
                          "count": 8755,
                          "is_parallel": true,
                          "self": 0.5399848000062946,
                          "children": [
                            {
                              "name": "_process_vector_observation",
                              "total": 1.4307459999940022,
                              "count": 17510,
                              "is_parallel": true,
                              "self": 1.4307459999940022
                            }
                          ]
                        }
                      ]
                    }
                  ]
                }
              ]
            }
          ]
        },
        {
          "name": "trainer_advance",
          "total": 1.653818699994872,
          "count": 8755,
          "self": 0.3984827999898357,
          "children": [
            {
              "name": "process_trajectory",
              "total": 1.2553359000050364,
              "count": 8755,
              "self": 1.2553359000050364
            }
          ]
        }
      ]
    }
  ]
}