{
  "name": "root",
  "total": 24.227201100000002,
  "count": 1,
  "self": 17.546942799999997,
  "children": [
    {
      "name": "TrainerController.advance",
      "total": 6.6802583000000055,
      "count": 74,
      "self": 0.13982420000003515,
      "children": [
        {
          "name": "env_step",
          "total": 6.54043409999997,
          "count": 74,
          "self": 5.95468389999996,
          "children": [
            {
              "name": "SubprocessEnvManager._take_step",
              "total": 0.5845397000000077,
              "count": 74,
              "self": 0.002550900000002798,
              "children": [
                {
                  "name": "PPOPolicy.evaluate",
                  "total": 0.5819888000000049,
                  "count": 74,
                  "self": 0.5819888000000049
                }
              ]
            },
            {
              "name": "workers",
              "total": 0.0012105000000026678,
              "count": 73,
              "self": 0.0,
              "children": [
                {
                  "name": "worker_root",
                  "total": 19.281658500000027,
                  "count": 73,
                  "is_parallel": true,
                  "self": 17.144373200000025,
                  "children": [
                    {
                      "name": "batched_step_result_from_proto",
                      "total": 0.0036661999999996198,
                      "count": 1,
                      "is_parallel": true,
                      "self": 0.00035199999999946385,
                      "children": [
                        {
                          "name": "_process_vector_observation",
                          "total": 0.003314200000000156,
                          "count": 1,
                          "is_parallel": true,
                          "self": 0.003314200000000156
                        }
                      ]
                    },
                    {
                      "name": "UnityEnvironment.step",
                      "total": 2.133619100000004,
                      "count": 73,
                      "is_parallel": true,
                      "self": 0.008168799999982213,
                      "children": [
                        {
                          "name": "UnityEnvironment._generate_step_input",
                          "total": 0.0101590000000229,
                          "count": 73,
                          "is_parallel": true,
                          "self": 0.0101590000000229
                        },
                        {
                          "name": "communicator.exchange",
                          "total": 2.1005442000000016,
                          "count": 73,
                          "is_parallel": true,
                          "self": 2.1005442000000016
                        },
                        {
                          "name": "batched_step_result_from_proto",
                          "total": 0.01474709999999746,
                          "count": 73,
                          "is_parallel": true,
                          "self": 0.004735799999995294,
                          "children": [
                            {
                              "name": "_process_vector_observation",
                              "total": 0.010011300000002166,
                              "count": 73,
                              "is_parallel": true,
                              "self": 0.010011300000002166
                            }
                          ]
                        }
                      ]
                    }
                  ]
                }
              ]
            }
          ]
        }
      ]
    }
  ]
}