{
  "name": "root",
  "total": 184.3609394,
  "count": 1,
  "self": 41.017444600000545,
  "children": [
    {
      "name": "TrainerController.advance",
      "total": 143.34349479999946,
      "count": 861,
      "self": 0.018144299999732993,
      "children": [
        {
          "name": "env_step",
          "total": 142.6287149,
          "count": 861,
          "self": 139.3541647999998,
          "children": [
            {
              "name": "SubprocessEnvManager._take_step",
              "total": 3.2590777999997087,
              "count": 861,
              "self": 0.04646709999973808,
              "children": [
                {
                  "name": "PPOPolicy.evaluate",
                  "total": 3.2126106999999706,
                  "count": 861,
                  "self": 3.2126106999999706
                }
              ]
            },
            {
              "name": "workers",
              "total": 0.015472300000475059,
              "count": 860,
              "self": 0.0,
              "children": [
                {
                  "name": "worker_root",
                  "total": 181.9679171,
                  "count": 860,
                  "is_parallel": true,
                  "self": 43.87203189999977,
                  "children": [
                    {
                      "name": "batched_step_result_from_proto",
                      "total": 0.03459219999999874,
                      "count": 1,
                      "is_parallel": true,
                      "self": 0.0001318999999959658,
                      "children": [
                        {
                          "name": "_process_vector_observation",
                          "total": 0.034460300000002775,
                          "count": 2,
                          "is_parallel": true,
                          "self": 0.034460300000002775
                        }
                      ]
                    },
                    {
                      "name": "UnityEnvironment.step",
                      "total": 138.06129300000023,
                      "count": 860,
                      "is_parallel": true,
                      "self": 0.10003579999923318,
                      "children": [
                        {
                          "name": "UnityEnvironment._generate_step_input",
                          "total": 0.08416290000049287,
                          "count": 860,
                          "is_parallel": true,
                          "self": 0.08416290000049287
                        },
                        {
                          "name": "communicator.exchange",
                          "total": 137.64777460000025,
                          "count": 860,
                          "is_parallel": true,
                          "self": 137.64777460000025
                        },
                        {
                          "name": "batched_step_result_from_proto",
                          "total": 0.22931970000023227,
                          "count": 860,
                          "is_parallel": true,
                          "self": 0.06308080000085425,
                          "children": [
                            {
                              "name": "_process_vector_observation",
                              "total": 0.16623889999937802,
                              "count": 1720,
                              "is_parallel": true,
                              "self": 0.16623889999937802
                            }
                          ]
                        }
                      ]
                    }
                  ]
                }
              ]
            }
          ]
        },
        {
          "name": "trainer_advance",
          "total": 0.6966355999997305,
          "count": 860,
          "self": 0.031559499999687546,
          "children": [
            {
              "name": "process_trajectory",
              "total": 0.6650761000000429,
              "count": 860,
              "self": 0.6650761000000429
            }
          ]
        }
      ]
    }
  ]
}