{
  "name": "root",
  "total": 20.244779299999998,
  "count": 1,
  "self": 20.244779299999998
}