{
  "name": "root",
  "total": 44.9239005,
  "count": 1,
  "self": 14.462842600000016,
  "children": [
    {
      "name": "TrainerController.advance",
      "total": 30.461057899999986,
      "count": 319,
      "self": 0.005647500000005579,
      "children": [
        {
          "name": "env_step",
          "total": 30.34658559999999,
          "count": 319,
          "self": 29.213821600000138,
          "children": [
            {
              "name": "SubprocessEnvManager._take_step",
              "total": 1.1279380999999304,
              "count": 319,
              "self": 0.013608899999924873,
              "children": [
                {
                  "name": "PPOPolicy.evaluate",
                  "total": 1.1143292000000056,
                  "count": 319,
                  "self": 1.1143292000000056
                }
              ]
            },
            {
              "name": "workers",
              "total": 0.004825899999922001,
              "count": 318,
              "self": 0.0,
              "children": [
                {
                  "name": "worker_root",
                  "total": 43.69796150000001,
                  "count": 318,
                  "is_parallel": true,
                  "self": 14.925184199999997,
                  "children": [
                    {
                      "name": "batched_step_result_from_proto",
                      "total": 0.00026130000000001985,
                      "count": 1,
                      "is_parallel": true,
                      "self": 6.800000000062312e-05,
                      "children": [
                        {
                          "name": "_process_vector_observation",
                          "total": 0.00019329999999939673,
                          "count": 2,
                          "is_parallel": true,
                          "self": 0.00019329999999939673
                        }
                      ]
                    },
                    {
                      "name": "UnityEnvironment.step",
                      "total": 28.772516000000014,
                      "count": 318,
                      "is_parallel": true,
                      "self": 0.0303204000000612,
                      "children": [
                        {
                          "name": "UnityEnvironment._generate_step_input",
                          "total": 0.025426599999988753,
                          "count": 318,
                          "is_parallel": true,
                          "self": 0.025426599999988753
                        },
                        {
                          "name": "communicator.exchange",
                          "total": 28.64605819999996,
                          "count": 318,
                          "is_parallel": true,
                          "self": 28.64605819999996
                        },
                        {
                          "name": "batched_step_result_from_proto",
                          "total": 0.0707108000000023,
                          "count": 318,
                          "is_parallel": true,
                          "self": 0.019104400000022892,
                          "children": [
                            {
                              "name": "_process_vector_observation",
                              "total": 0.0516063999999794,
                              "count": 636,
                              "is_parallel": true,
                              "self": 0.0516063999999794
                            }
                          ]
                        }
                      ]
                    }
                  ]
                }
              ]
            }
          ]
        },
        {
          "name": "trainer_advance",
          "total": 0.10882479999999006,
          "count": 318,
          "self": 0.009379900000027419,
          "children": [
            {
              "name": "process_trajectory",
              "total": 0.09944489999996264,
              "count": 318,
              "self": 0.09944489999996264
            }
          ]
        }
      ]
    }
  ]
}