{
  "name": "root",
  "total": 60.68277079999999,
  "count": 1,
  "self": 48.7023334,
  "children": [
    {
      "name": "TrainerController.advance",
      "total": 11.980437399999992,
      "count": 111,
      "self": 0.0023964999999606107,
      "children": [
        {
          "name": "env_step",
          "total": 11.595224600000044,
          "count": 111,
          "self": 10.882514000000022,
          "children": [
            {
              "name": "SubprocessEnvManager._take_step",
              "total": 0.7107569999999868,
              "count": 111,
              "self": 0.0066435999999541195,
              "children": [
                {
                  "name": "PPOPolicy.evaluate",
                  "total": 0.7041134000000326,
                  "count": 111,
                  "self": 0.7041134000000326
                }
              ]
            },
            {
              "name": "workers",
              "total": 0.001953600000035749,
              "count": 110,
              "self": 0.0,
              "children": [
                {
                  "name": "worker_root",
                  "total": 59.23167329999996,
                  "count": 110,
                  "is_parallel": true,
                  "self": 48.55912849999996,
                  "children": [
                    {
                      "name": "batched_step_result_from_proto",
                      "total": 0.0004980000000003315,
                      "count": 1,
                      "is_parallel": true,
                      "self": 0.00011519999999620723,
                      "children": [
                        {
                          "name": "_process_vector_observation",
                          "total": 0.0003828000000041243,
                          "count": 2,
                          "is_parallel": true,
                          "self": 0.0003828000000041243
                        }
                      ]
                    },
                    {
                      "name": "UnityEnvironment.step",
                      "total": 10.672046800000004,
                      "count": 110,
                      "is_parallel": true,
                      "self": 0.01272970000004392,
                      "children": [
                        {
                          "name": "UnityEnvironment._generate_step_input",
                          "total": 0.010585100000028547,
                          "count": 110,
                          "is_parallel": true,
                          "self": 0.010585100000028547
                        },
                        {
                          "name": "communicator.exchange",
                          "total": 10.618181599999957,
                          "count": 110,
                          "is_parallel": true,
                          "self": 10.618181599999957
                        },
                        {
                          "name": "batched_step_result_from_proto",
                          "total": 0.03055039999997433,
                          "count": 110,
                          "is_parallel": true,
                          "self": 0.008565199999985396,
                          "children": [
                            {
                              "name": "_process_vector_observation",
                              "total": 0.021985199999988936,
                              "count": 220,
                              "is_parallel": true,
                              "self": 0.021985199999988936
                            }
                          ]
                        }
                      ]
                    }
                  ]
                }
              ]
            }
          ]
        },
        {
          "name": "trainer_advance",
          "total": 0.38281629999998756,
          "count": 110,
          "self": 0.29730409999998386,
          "children": [
            {
              "name": "process_trajectory",
              "total": 0.0855122000000037,
              "count": 110,
              "self": 0.0855122000000037
            }
          ]
        }
      ]
    }
  ]
}