{
  "name": "root",
  "total": 1296.1333149999998,
  "count": 1,
  "self": 48.69501549999177,
  "children": [
    {
      "name": "TrainerController.advance",
      "total": 1247.438299500008,
      "count": 9330,
      "self": 0.19997859999762113,
      "children": [
        {
          "name": "env_step",
          "total": 1245.7668286999979,
          "count": 9330,
          "self": 1221.3928703999993,
          "children": [
            {
              "name": "SubprocessEnvManager._take_step",
              "total": 24.207808899997183,
              "count": 9330,
              "self": 0.4844825999944433,
              "children": [
                {
                  "name": "PPOPolicy.evaluate",
                  "total": 23.72332630000274,
                  "count": 9330,
                  "self": 23.72332630000274
                }
              ]
            },
            {
              "name": "workers",
              "total": 0.1661494000013377,
              "count": 9329,
              "self": 0.0,
              "children": [
                {
                  "name": "worker_root",
                  "total": 1293.9878784000039,
                  "count": 9329,
                  "is_parallel": true,
                  "self": 85.01548489998913,
                  "children": [
                    {
                      "name": "batched_step_result_from_proto",
                      "total": 0.0005171999999973309,
                      "count": 1,
                      "is_parallel": true,
                      "self": 0.00011049999999812599,
                      "children": [
                        {
                          "name": "_process_vector_observation",
                          "total": 0.0004066999999992049,
                          "count": 2,
                          "is_parallel": true,
                          "self": 0.0004066999999992049
                        }
                      ]
                    },
                    {
                      "name": "UnityEnvironment.step",
                      "total": 1208.9718763000146,
                      "count": 9329,
                      "is_parallel": true,
                      "self": 1.0120913000023393,
                      "children": [
                        {
                          "name": "UnityEnvironment._generate_step_input",
                          "total": 0.8351234999980832,
                          "count": 9329,
                          "is_parallel": true,
                          "self": 0.8351234999980832
                        },
                        {
                          "name": "communicator.exchange",
                          "total": 1204.7180631000044,
                          "count": 9329,
                          "is_parallel": true,
                          "self": 1204.7180631000044
                        },
                        {
                          "name": "batched_step_result_from_proto",
                          "total": 2.406598400009635,
                          "count": 9329,
                          "is_parallel": true,
                          "self": 0.6645533000079524,
                          "children": [
                            {
                              "name": "_process_vector_observation",
                              "total": 1.7420451000016826,
                              "count": 18658,
                              "is_parallel": true,
                              "self": 1.7420451000016826
                            }
                          ]
                        }
                      ]
                    }
                  ]
                }
              ]
            }
          ]
        },
        {
          "name": "trainer_advance",
          "total": 1.47149220001252,
          "count": 9329,
          "self": 0.3284274000166434,
          "children": [
            {
              "name": "process_trajectory",
              "total": 1.1430647999958765,
              "count": 9329,
              "self": 1.1430647999958765
            }
          ]
        }
      ]
    }
  ]
}