{"count":1,"gauges":{"CrawlerStatic.CumulativeReward":{"count":51,"max":10.09763,"min":-0.661976337,"value":0.21188511,"weightedAverage":1.501368}},"self":6.5921712,"total":28.565835399999997,"children":{"AgentSendState":{"count":303,"self":0.0369114,"total":20.974755,"children":{"CollectObservations":{"count":610,"self":20.9378432,"total":20.9378436,"children":null}}},"DecideAction":{"count":303,"self":0.96400299999999994,"total":0.96400299999999994,"children":null},"AgentAct":{"count":303,"self":0.0329113,"total":0.0329113,"children":null}}}