{"count":1,"self":873.21763839999994,"total":958.8543566,"children":{"AgentSendState":{"count":46171,"self":2.910552,"total":8.8829409,"children":{"CollectObservations":{"count":46175,"self":0.5391844,"total":0.5391844,"children":null},"CollectDiscreteActionMasks":{"count":46175,"self":0.24168199999999998,"total":0.24168199999999998,"children":null},"AgentInfo.ToProto":{"count":46175,"self":0.82353429999999994,"total":5.1915226,"children":{"GenerateSensorData":{"count":46175,"self":1.4505846999999998,"total":4.3679882999999995,"children":{"RayPerceptionSensor.Perceive":{"count":46175,"self":2.9174035999999997,"total":2.9174035999999997,"children":null}}}}}}},"DecideAction":{"count":46171,"self":75.176371199999991,"total":75.1763728,"children":null},"AgentAct":{"count":46171,"self":1.5684285999999998,"total":1.5684285999999998,"children":null},"AgentInfo.ToProto":{"count":90,"self":0,"total":0.0069666999999999993,"children":{"GenerateSensorData":{"count":90,"self":0.0009972,"total":0.0069666999999999993,"children":{"RayPerceptionSensor.Perceive":{"count":90,"self":0.0059695,"total":0.0059695,"children":null}}}}}},"gauges":{"SY-SW.CumulativeReward":{"count":90,"max":0,"min":-0.1,"runningAverage":-0.0222222246,"value":0,"weightedAverage":-0.0128749218}},"metadata":{"timer_format_version":"0.1.0","start_time_seconds":"1598463139","unity_version":"2018.4.12f1","command_line_arguments":"E:\\Game Engines\\Unity\\Editor\\2018.4.12f1\\Editor\\Unity.exe -projectpath C:\/Projets Jeux\/Stage 2019\/Test Project\/Test project -useHub -hubIPC -cloudEnvironment production -hubSessionId 69151d70-e7c0-11ea-b31c-2b38f78112f5 -accessToken QqanUP2FKf2bhIL3emlxAJeU_w_pNpe4OkhPwwVzSVM003f","communication_protocol_version":"1.0.0","com.unity.ml-agents_version":"1.0.2","scene_name":"Level1Scene","end_time_seconds":"1598464098"}}