{"count":1,"gauges":{"PlayerShipRecord.CumulativeReward":{"count":20,"max":0,"min":0,"value":0,"weightedAverage":0}},"self":171.1672192,"total":174.8894584,"children":{"AgentSendState":{"count":8624,"self":0.2628136,"total":0.28379909999999997,"children":{"CollectObservations":{"count":1725,"self":0.0209855,"total":0.0209855,"children":null}}},"DecideAction":{"count":8624,"self":2.6091257999999997,"total":2.8035058,"children":{"RayPerceptionSensor.Perceive":{"count":1725,"self":0.19438,"total":0.19438,"children":null}}},"AgentAct":{"count":8624,"self":0.32498869999999996,"total":0.32498869999999996,"children":null},"RayPerceptionSensor.Perceive":{"count":20,"self":0.30795669999999997,"total":0.30795669999999997,"children":null}}}