{"count":1,"gauges":{"PlayerShipRecord.CumulativeReward":{"count":2,"max":0,"min":0,"value":0,"weightedAverage":0}},"self":201.0390912,"total":204.174717,"children":{"AgentSendState":{"count":10180,"self":0.0962548,"total":0.10612239999999999,"children":{"CollectObservations":{"count":2036,"self":0.0098675999999999989,"total":0.0098675999999999989,"children":null}}},"DecideAction":{"count":10180,"self":2.8898674,"total":2.9738734,"children":{"RayPerceptionSensor.Perceive":{"count":2036,"self":0.084006,"total":0.084006,"children":null}}},"AgentAct":{"count":10180,"self":0.0546337,"total":0.0546337,"children":null}}}