{"count":1,"gauges":{"PlayerShipRecord.CumulativeReward":{"count":3,"max":0,"min":0,"value":0,"weightedAverage":0}},"self":159.5088256,"total":162.3488917,"children":{"AgentSendState":{"count":7907,"self":0.1071676,"total":0.1211781,"children":{"CollectObservations":{"count":1582,"self":0.014010499999999999,"total":0.014010499999999999,"children":null}}},"DecideAction":{"count":7907,"self":2.5599271999999997,"total":2.6722037999999997,"children":{"RayPerceptionSensor.Perceive":{"count":1582,"self":0.1122765,"total":0.1122765,"children":null}}},"AgentAct":{"count":7907,"self":0.044663299999999996,"total":0.044663299999999996,"children":null},"RayPerceptionSensor.Perceive":{"count":3,"self":0.0009977,"total":0.0009977,"children":null}}}