{"count":1,"gauges":{"PlayerShipRecord.CumulativeReward":{"count":4,"max":0,"min":0,"value":0,"weightedAverage":0}},"self":27.773033599999998,"total":28.2664865,"children":{"AgentSendState":{"count":1352,"self":0.0218661,"total":0.025860499999999998,"children":{"CollectObservations":{"count":271,"self":0.0039943999999999995,"total":0.0039943999999999995,"children":null}}},"DecideAction":{"count":1352,"self":0.43480369999999996,"total":0.4516541,"children":{"RayPerceptionSensor.Perceive":{"count":271,"self":0.016850399999999998,"total":0.016850399999999998,"children":null}}},"AgentAct":{"count":1352,"self":0.0139133,"total":0.0139133,"children":null},"RayPerceptionSensor.Perceive":{"count":4,"self":0.0009972,"total":0.0009972,"children":null}}}