{"count":1,"gauges":{"PlayerShipRecord.CumulativeReward":{"count":30,"max":0,"min":0,"value":0,"weightedAverage":0}},"self":812.8516608,"total":1003.4489126999999,"children":{"AgentSendState":{"count":43670,"self":1.5204433,"total":3.9667988999999997,"children":{"CollectObservations":{"count":8734,"self":0.12161309999999999,"total":0.12161309999999999,"children":null},"AgentInfo.ToProto":{"count":8734,"self":0.3151161,"total":2.3247424999999997,"children":{"GenerateSensorData":{"count":8734,"self":0.54859669999999994,"total":2.0096263999999997,"children":{"RayPerceptionSensor.Perceive":{"count":8734,"self":1.4610296999999999,"total":1.4610296999999999,"children":null}}}}}}},"DecideAction":{"count":43670,"self":186.0756352,"total":186.07563439999998,"children":null},"AgentAct":{"count":43670,"self":0.54394429999999994,"total":0.54394429999999994,"children":null},"AgentInfo.ToProto":{"count":30,"self":0.0009712,"total":0.0039062,"children":{"GenerateSensorData":{"count":30,"self":0.0029349999999999997,"total":0.0029349999999999997,"children":{"RayPerceptionSensor.Perceive":{"count":30,"self":0,"total":0,"children":null}}}}},"RayPerceptionSensor.Perceive":{"count":30,"self":0.0049919,"total":0.0049919,"children":null}}}