{"count":1,"gauges":{"PushBlock.CumulativeReward":{"count":41,"max":4.997,"min":-0.99994123,"value":4.997,"weightedAverage":3.88102341}},"self":60.187161599999996,"total":121.7282747,"children":{"AgentSendState":{"count":7240,"self":1.6434727,"total":8.980115099999999,"children":{"CollectObservations":{"count":46336,"self":0.2630907,"total":0.2630907,"children":null},"AgentInfo.ToProto":{"count":44888,"self":0.7924604,"total":6.963985,"children":{"GenerateSensorData":{"count":44888,"self":2.9143133999999997,"total":6.1715246,"children":{"RayPerceptionSensor.Perceive":{"count":89776,"self":3.2572112,"total":3.2572112,"children":null}}}}},"RayPerceptionSensor.Perceive":{"count":2896,"self":0.10956669999999999,"total":0.10956669999999999,"children":null}}},"DecideAction":{"count":7240,"self":51.8981664,"total":51.898167099999995,"children":null},"AgentAct":{"count":7240,"self":0.6538548,"total":0.659839,"children":{"AgentInfo.ToProto":{"count":31,"self":0.0009962,"total":0.0059841999999999994,"children":{"GenerateSensorData":{"count":31,"self":0.000998,"total":0.0049879999999999994,"children":{"RayPerceptionSensor.Perceive":{"count":62,"self":0.00399,"total":0.00399,"children":null}}}}}}},"RayPerceptionSensor.Perceive":{"count":20,"self":0.0009972,"total":0.0009972,"children":null}}}